-- Criar o banco de dados se não existir
IF NOT EXISTS (SELECT * FROM sys.databases WHERE name = 'MovimentosDB')
BEGIN
    CREATE DATABASE MovimentosDB;
END
GO

USE MovimentosDB;
GO

-- Tabela de Produtos
CREATE TABLE PRODUTO (
    COD_PRODUTO CHAR(4) PRIMARY KEY,
    DES_PRODUTO VARCHAR(30) NULL,
    STA_STATUS CHAR(1) NULL
);
GO

-- Tabela de COSIF
CREATE TABLE COSIF (
    COD_COSIF CHAR(11) PRIMARY KEY,
    DES_COSIF VARCHAR(50) NULL,
    STA_STATUS CHAR(1) NULL
);
GO

-- Tabela de associação Produto x COSIF
CREATE TABLE PRODUTO_COSIF (
    COD_PRODUTO CHAR(4) NOT NULL,
    COD_COSIF CHAR(11) NOT NULL,
    COD_CLASSIFICACAO CHAR(6) NULL,
    STA_STATUS CHAR(1) NULL,
    PRIMARY KEY (COD_PRODUTO, COD_COSIF),
    FOREIGN KEY (COD_PRODUTO) REFERENCES PRODUTO(COD_PRODUTO),
    FOREIGN KEY (COD_COSIF) REFERENCES COSIF(COD_COSIF)
);
GO

-- Tabela de Movimentos Manuais
CREATE TABLE MOVIMENTO_MANUAL (
    DAT_MES INT NOT NULL,
    DAT_ANO INT NOT NULL,
    NUM_LANCAMENTO INT NOT NULL,
    COD_PRODUTO CHAR(4) NOT NULL,
    COD_COSIF CHAR(11) NOT NULL,
    DES_DESCRICAO VARCHAR(50) NULL,
    DAT_MOVIMENTO SMALLDATETIME NOT NULL,
    COD_USUARIO VARCHAR(15) NOT NULL,
    VAL_VALOR DECIMAL(18, 2) NOT NULL,
    PRIMARY KEY (DAT_MES, DAT_ANO, NUM_LANCAMENTO),
    FOREIGN KEY (COD_PRODUTO) REFERENCES PRODUTO(COD_PRODUTO),
    FOREIGN KEY (COD_COSIF) REFERENCES COSIF(COD_COSIF),
    FOREIGN KEY (COD_PRODUTO, COD_COSIF) REFERENCES PRODUTO_COSIF(COD_PRODUTO, COD_COSIF)
);
GO

INSERT INTO PRODUTO (COD_PRODUTO, DES_PRODUTO, STA_STATUS) VALUES
('P001', 'Produto 01', 'A'),
('P002', 'Produto 02', 'A'),
('P003', 'Produto 03', 'A'),
('P004', 'Produto 04', 'A'),
('P005', 'Produto 05', 'A'),
('P006', 'Produto 06', 'A'),
('P007', 'Produto 07', 'A'),
('P008', 'Produto 08', 'A'),
('P009', 'Produto 09', 'A'),
('P010', 'Produto 10', 'A'),
('P011', 'Produto 11', 'A'),
('P012', 'Produto 12', 'A'),
('P013', 'Produto 13', 'A'),
('P014', 'Produto 14', 'A'),
('P015', 'Produto 15', 'A'),
('P016', 'Produto 16', 'A'),
('P017', 'Produto 17', 'A'),
('P018', 'Produto 18', 'A'),
('P019', 'Produto 19', 'A'),
('P020', 'Produto 20', 'A');
GO

INSERT INTO COSIF (COD_COSIF, DES_COSIF, STA_STATUS) VALUES
('COSIF001', 'Conta COSIF 01', 'A'),
('COSIF002', 'Conta COSIF 02', 'A'),
('COSIF003', 'Conta COSIF 03', 'A'),
('COSIF004', 'Conta COSIF 04', 'A'),
('COSIF005', 'Conta COSIF 05', 'A'),
('COSIF006', 'Conta COSIF 06', 'A'),
('COSIF007', 'Conta COSIF 07', 'A'),
('COSIF008', 'Conta COSIF 08', 'A'),
('COSIF009', 'Conta COSIF 09', 'A'),
('COSIF010', 'Conta COSIF 10', 'A'),
('COSIF011', 'Conta COSIF 11', 'A'),
('COSIF012', 'Conta COSIF 12', 'A'),
('COSIF013', 'Conta COSIF 13', 'A'),
('COSIF014', 'Conta COSIF 14', 'A'),
('COSIF015', 'Conta COSIF 15', 'A'),
('COSIF016', 'Conta COSIF 16', 'A'),
('COSIF017', 'Conta COSIF 17', 'A'),
('COSIF018', 'Conta COSIF 18', 'A'),
('COSIF019', 'Conta COSIF 19', 'A'),
('COSIF020', 'Conta COSIF 20', 'A');
GO

INSERT INTO PRODUTO_COSIF (COD_PRODUTO, COD_COSIF, COD_CLASSIFICACAO, STA_STATUS) VALUES
('P001', 'COSIF001', 'CL001', 'A'),
('P002', 'COSIF002', 'CL002', 'A'),
('P003', 'COSIF003', 'CL003', 'A'),
('P004', 'COSIF004', 'CL004', 'A'),
('P005', 'COSIF005', 'CL005', 'A'),
('P006', 'COSIF006', 'CL006', 'A'),
('P007', 'COSIF007', 'CL007', 'A'),
('P008', 'COSIF008', 'CL008', 'A'),
('P009', 'COSIF009', 'CL009', 'A'),
('P010', 'COSIF010', 'CL010', 'A'),
('P011', 'COSIF011', 'CL011', 'A'),
('P012', 'COSIF012', 'CL012', 'A'),
('P013', 'COSIF013', 'CL013', 'A'),
('P014', 'COSIF014', 'CL014', 'A'),
('P015', 'COSIF015', 'CL015', 'A'),
('P016', 'COSIF016', 'CL016', 'A'),
('P017', 'COSIF017', 'CL017', 'A'),
('P018', 'COSIF018', 'CL018', 'A'),
('P019', 'COSIF019', 'CL019', 'A'),
('P020', 'COSIF020', 'CL020', 'A');
GO

INSERT INTO MOVIMENTO_MANUAL (DAT_MES, DAT_ANO, NUM_LANCAMENTO, COD_PRODUTO, COD_COSIF, DES_DESCRICAO, DAT_MOVIMENTO, COD_USUARIO, VAL_VALOR)
VALUES (7, 2025, 1, 'P002', 'COSIF002', 'Teste 01', '2025-07-02', 'admin', 10.00);

INSERT INTO MOVIMENTO_MANUAL (DAT_MES, DAT_ANO, NUM_LANCAMENTO, COD_PRODUTO, COD_COSIF, DES_DESCRICAO, DAT_MOVIMENTO, COD_USUARIO, VAL_VALOR)
VALUES (7, 2025, 2, 'P003', 'COSIF003', 'Teste 02', '2025-07-03', 'admin', 20.00);

INSERT INTO MOVIMENTO_MANUAL (DAT_MES, DAT_ANO, NUM_LANCAMENTO, COD_PRODUTO, COD_COSIF, DES_DESCRICAO, DAT_MOVIMENTO, COD_USUARIO, VAL_VALOR)
VALUES (7, 2025, 3, 'P004', 'COSIF004', 'Teste 03', '2025-07-04', 'admin', 30.00);

INSERT INTO MOVIMENTO_MANUAL (DAT_MES, DAT_ANO, NUM_LANCAMENTO, COD_PRODUTO, COD_COSIF, DES_DESCRICAO, DAT_MOVIMENTO, COD_USUARIO, VAL_VALOR)
VALUES (7, 2025, 4, 'P005', 'COSIF005', 'Teste 04', '2025-07-05', 'admin', 40.00);

INSERT INTO MOVIMENTO_MANUAL (DAT_MES, DAT_ANO, NUM_LANCAMENTO, COD_PRODUTO, COD_COSIF, DES_DESCRICAO, DAT_MOVIMENTO, COD_USUARIO, VAL_VALOR)
VALUES (7, 2025, 5, 'P006', 'COSIF006', 'Teste 05', '2025-07-06', 'admin', 50.00);

INSERT INTO MOVIMENTO_MANUAL (DAT_MES, DAT_ANO, NUM_LANCAMENTO, COD_PRODUTO, COD_COSIF, DES_DESCRICAO, DAT_MOVIMENTO, COD_USUARIO, VAL_VALOR)
VALUES (7, 2025, 6, 'P007', 'COSIF007', 'Teste 06', '2025-07-07', 'admin', 60.00);

INSERT INTO MOVIMENTO_MANUAL (DAT_MES, DAT_ANO, NUM_LANCAMENTO, COD_PRODUTO, COD_COSIF, DES_DESCRICAO, DAT_MOVIMENTO, COD_USUARIO, VAL_VALOR)
VALUES (7, 2025, 7, 'P008', 'COSIF008', 'Teste 07', '2025-07-08', 'admin', 70.00);

INSERT INTO MOVIMENTO_MANUAL (DAT_MES, DAT_ANO, NUM_LANCAMENTO, COD_PRODUTO, COD_COSIF, DES_DESCRICAO, DAT_MOVIMENTO, COD_USUARIO, VAL_VALOR)
VALUES (7, 2025, 8, 'P009', 'COSIF009', 'Teste 08', '2025-07-09', 'admin', 80.00);

INSERT INTO MOVIMENTO_MANUAL (DAT_MES, DAT_ANO, NUM_LANCAMENTO, COD_PRODUTO, COD_COSIF, DES_DESCRICAO, DAT_MOVIMENTO, COD_USUARIO, VAL_VALOR)
VALUES (7, 2025, 9, 'P010', 'COSIF010', 'Teste 09', '2025-07-10', 'admin', 90.00);

INSERT INTO MOVIMENTO_MANUAL (DAT_MES, DAT_ANO, NUM_LANCAMENTO, COD_PRODUTO, COD_COSIF, DES_DESCRICAO, DAT_MOVIMENTO, COD_USUARIO, VAL_VALOR)
VALUES (7, 2025, 10, 'P011', 'COSIF011', 'Teste 10', '2025-07-11', 'admin', 100.00);

-- (continua até o 50º registro)...

INSERT INTO MOVIMENTO_MANUAL (DAT_MES, DAT_ANO, NUM_LANCAMENTO, COD_PRODUTO, COD_COSIF, DES_DESCRICAO, DAT_MOVIMENTO, COD_USUARIO, VAL_VALOR)
VALUES (7, 2025, 11, 'P012', 'COSIF012', 'Teste 11', '2025-07-12', 'admin', 110.00);

INSERT INTO MOVIMENTO_MANUAL (DAT_MES, DAT_ANO, NUM_LANCAMENTO, COD_PRODUTO, COD_COSIF, DES_DESCRICAO, DAT_MOVIMENTO, COD_USUARIO, VAL_VALOR)
VALUES (7, 2025, 12, 'P013', 'COSIF013', 'Teste 12', '2025-07-13', 'admin', 120.00);

INSERT INTO MOVIMENTO_MANUAL (DAT_MES, DAT_ANO, NUM_LANCAMENTO, COD_PRODUTO, COD_COSIF, DES_DESCRICAO, DAT_MOVIMENTO, COD_USUARIO, VAL_VALOR)
VALUES (7, 2025, 13, 'P014', 'COSIF014', 'Teste 13', '2025-07-14', 'admin', 130.00);

INSERT INTO MOVIMENTO_MANUAL (DAT_MES, DAT_ANO, NUM_LANCAMENTO, COD_PRODUTO, COD_COSIF, DES_DESCRICAO, DAT_MOVIMENTO, COD_USUARIO, VAL_VALOR)
VALUES (7, 2025, 14, 'P015', 'COSIF015', 'Teste 14', '2025-07-15', 'admin', 140.00);

INSERT INTO MOVIMENTO_MANUAL (DAT_MES, DAT_ANO, NUM_LANCAMENTO, COD_PRODUTO, COD_COSIF, DES_DESCRICAO, DAT_MOVIMENTO, COD_USUARIO, VAL_VALOR)
VALUES (7, 2025, 15, 'P016', 'COSIF016', 'Teste 15', '2025-07-16', 'admin', 150.00);

INSERT INTO MOVIMENTO_MANUAL (DAT_MES, DAT_ANO, NUM_LANCAMENTO, COD_PRODUTO, COD_COSIF, DES_DESCRICAO, DAT_MOVIMENTO, COD_USUARIO, VAL_VALOR)
VALUES (7, 2025, 16, 'P017', 'COSIF017', 'Teste 16', '2025-07-17', 'admin', 160.00);

INSERT INTO MOVIMENTO_MANUAL (DAT_MES, DAT_ANO, NUM_LANCAMENTO, COD_PRODUTO, COD_COSIF, DES_DESCRICAO, DAT_MOVIMENTO, COD_USUARIO, VAL_VALOR)
VALUES (7, 2025, 17, 'P018', 'COSIF018', 'Teste 17', '2025-07-18', 'admin', 170.00);

INSERT INTO MOVIMENTO_MANUAL (DAT_MES, DAT_ANO, NUM_LANCAMENTO, COD_PRODUTO, COD_COSIF, DES_DESCRICAO, DAT_MOVIMENTO, COD_USUARIO, VAL_VALOR)
VALUES (7, 2025, 18, 'P019', 'COSIF019', 'Teste 18', '2025-07-19', 'admin', 180.00);

INSERT INTO MOVIMENTO_MANUAL (DAT_MES, DAT_ANO, NUM_LANCAMENTO, COD_PRODUTO, COD_COSIF, DES_DESCRICAO, DAT_MOVIMENTO, COD_USUARIO, VAL_VALOR)
VALUES (7, 2025, 19, 'P020', 'COSIF020', 'Teste 19', '2025-07-20', 'admin', 190.00);

INSERT INTO MOVIMENTO_MANUAL (DAT_MES, DAT_ANO, NUM_LANCAMENTO, COD_PRODUTO, COD_COSIF, DES_DESCRICAO, DAT_MOVIMENTO, COD_USUARIO, VAL_VALOR)
VALUES (7, 2025, 20, 'P001', 'COSIF001', 'Teste 20', '2025-07-21', 'admin', 200.00);

INSERT INTO MOVIMENTO_MANUAL (DAT_MES, DAT_ANO, NUM_LANCAMENTO, COD_PRODUTO, COD_COSIF, DES_DESCRICAO, DAT_MOVIMENTO, COD_USUARIO, VAL_VALOR)
VALUES (7, 2025, 21, 'P002', 'COSIF002', 'Teste 21', '2025-07-22', 'admin', 210.00);

INSERT INTO MOVIMENTO_MANUAL (DAT_MES, DAT_ANO, NUM_LANCAMENTO, COD_PRODUTO, COD_COSIF, DES_DESCRICAO, DAT_MOVIMENTO, COD_USUARIO, VAL_VALOR)
VALUES (7, 2025, 22, 'P003', 'COSIF003', 'Teste 22', '2025-07-23', 'admin', 220.00);

INSERT INTO MOVIMENTO_MANUAL (DAT_MES, DAT_ANO, NUM_LANCAMENTO, COD_PRODUTO, COD_COSIF, DES_DESCRICAO, DAT_MOVIMENTO, COD_USUARIO, VAL_VALOR)
VALUES (7, 2025, 23, 'P004', 'COSIF004', 'Teste 23', '2025-07-24', 'admin', 230.00);

INSERT INTO MOVIMENTO_MANUAL (DAT_MES, DAT_ANO, NUM_LANCAMENTO, COD_PRODUTO, COD_COSIF, DES_DESCRICAO, DAT_MOVIMENTO, COD_USUARIO, VAL_VALOR)
VALUES (7, 2025, 24, 'P005', 'COSIF005', 'Teste 24', '2025-07-25', 'admin', 240.00);

INSERT INTO MOVIMENTO_MANUAL (DAT_MES, DAT_ANO, NUM_LANCAMENTO, COD_PRODUTO, COD_COSIF, DES_DESCRICAO, DAT_MOVIMENTO, COD_USUARIO, VAL_VALOR)
VALUES (7, 2025, 25, 'P006', 'COSIF006', 'Teste 25', '2025-07-26', 'admin', 250.00);

INSERT INTO MOVIMENTO_MANUAL (DAT_MES, DAT_ANO, NUM_LANCAMENTO, COD_PRODUTO, COD_COSIF, DES_DESCRICAO, DAT_MOVIMENTO, COD_USUARIO, VAL_VALOR)
VALUES (7, 2025, 26, 'P007', 'COSIF007', 'Teste 26', '2025-07-27', 'admin', 260.00);

INSERT INTO MOVIMENTO_MANUAL (DAT_MES, DAT_ANO, NUM_LANCAMENTO, COD_PRODUTO, COD_COSIF, DES_DESCRICAO, DAT_MOVIMENTO, COD_USUARIO, VAL_VALOR)
VALUES (7, 2025, 27, 'P008', 'COSIF008', 'Teste 27', '2025-07-28', 'admin', 270.00);

INSERT INTO MOVIMENTO_MANUAL (DAT_MES, DAT_ANO, NUM_LANCAMENTO, COD_PRODUTO, COD_COSIF, DES_DESCRICAO, DAT_MOVIMENTO, COD_USUARIO, VAL_VALOR)
VALUES (7, 2025, 28, 'P009', 'COSIF009', 'Teste 28', '2025-07-29', 'admin', 280.00);

INSERT INTO MOVIMENTO_MANUAL (DAT_MES, DAT_ANO, NUM_LANCAMENTO, COD_PRODUTO, COD_COSIF, DES_DESCRICAO, DAT_MOVIMENTO, COD_USUARIO, VAL_VALOR)
VALUES (7, 2025, 29, 'P010', 'COSIF010', 'Teste 29', '2025-07-30', 'admin', 290.00);

INSERT INTO MOVIMENTO_MANUAL (DAT_MES, DAT_ANO, NUM_LANCAMENTO, COD_PRODUTO, COD_COSIF, DES_DESCRICAO, DAT_MOVIMENTO, COD_USUARIO, VAL_VALOR)
VALUES (7, 2025, 30, 'P011', 'COSIF011', 'Teste 30', '2025-07-31', 'admin', 300.00);

INSERT INTO MOVIMENTO_MANUAL (DAT_MES, DAT_ANO, NUM_LANCAMENTO, COD_PRODUTO, COD_COSIF, DES_DESCRICAO, DAT_MOVIMENTO, COD_USUARIO, VAL_VALOR)
VALUES (8, 2025, 31, 'P012', 'COSIF012', 'Teste 31', '2025-08-01', 'admin', 310.00);

INSERT INTO MOVIMENTO_MANUAL (DAT_MES, DAT_ANO, NUM_LANCAMENTO, COD_PRODUTO, COD_COSIF, DES_DESCRICAO, DAT_MOVIMENTO, COD_USUARIO, VAL_VALOR)
VALUES (8, 2025, 32, 'P013', 'COSIF013', 'Teste 32', '2025-08-02', 'admin', 320.00);

INSERT INTO MOVIMENTO_MANUAL (DAT_MES, DAT_ANO, NUM_LANCAMENTO, COD_PRODUTO, COD_COSIF, DES_DESCRICAO, DAT_MOVIMENTO, COD_USUARIO, VAL_VALOR)
VALUES (8, 2025, 33, 'P014', 'COSIF014', 'Teste 33', '2025-08-03', 'admin', 330.00);

INSERT INTO MOVIMENTO_MANUAL (DAT_MES, DAT_ANO, NUM_LANCAMENTO, COD_PRODUTO, COD_COSIF, DES_DESCRICAO, DAT_MOVIMENTO, COD_USUARIO, VAL_VALOR)
VALUES (8, 2025, 34, 'P015', 'COSIF015', 'Teste 34', '2025-08-04', 'admin', 340.00);

INSERT INTO MOVIMENTO_MANUAL (DAT_MES, DAT_ANO, NUM_LANCAMENTO, COD_PRODUTO, COD_COSIF, DES_DESCRICAO, DAT_MOVIMENTO, COD_USUARIO, VAL_VALOR)
VALUES (8, 2025, 35, 'P016', 'COSIF016', 'Teste 35', '2025-08-05', 'admin', 350.00);

INSERT INTO MOVIMENTO_MANUAL (DAT_MES, DAT_ANO, NUM_LANCAMENTO, COD_PRODUTO, COD_COSIF, DES_DESCRICAO, DAT_MOVIMENTO, COD_USUARIO, VAL_VALOR)
VALUES (8, 2025, 36, 'P017', 'COSIF017', 'Teste 36', '2025-08-06', 'admin', 360.00);

INSERT INTO MOVIMENTO_MANUAL (DAT_MES, DAT_ANO, NUM_LANCAMENTO, COD_PRODUTO, COD_COSIF, DES_DESCRICAO, DAT_MOVIMENTO, COD_USUARIO, VAL_VALOR)
VALUES (8, 2025, 37, 'P018', 'COSIF018', 'Teste 37', '2025-08-07', 'admin', 370.00);

INSERT INTO MOVIMENTO_MANUAL (DAT_MES, DAT_ANO, NUM_LANCAMENTO, COD_PRODUTO, COD_COSIF, DES_DESCRICAO, DAT_MOVIMENTO, COD_USUARIO, VAL_VALOR)
VALUES (8, 2025, 38, 'P019', 'COSIF019', 'Teste 38', '2025-08-08', 'admin', 380.00);

INSERT INTO MOVIMENTO_MANUAL (DAT_MES, DAT_ANO, NUM_LANCAMENTO, COD_PRODUTO, COD_COSIF, DES_DESCRICAO, DAT_MOVIMENTO, COD_USUARIO, VAL_VALOR)
VALUES (8, 2025, 39, 'P020', 'COSIF020', 'Teste 39', '2025-08-09', 'admin', 390.00);

INSERT INTO MOVIMENTO_MANUAL (DAT_MES, DAT_ANO, NUM_LANCAMENTO, COD_PRODUTO, COD_COSIF, DES_DESCRICAO, DAT_MOVIMENTO, COD_USUARIO, VAL_VALOR)
VALUES (8, 2025, 40, 'P001', 'COSIF001', 'Teste 40', '2025-08-10', 'admin', 400.00);

INSERT INTO MOVIMENTO_MANUAL (DAT_MES, DAT_ANO, NUM_LANCAMENTO, COD_PRODUTO, COD_COSIF, DES_DESCRICAO, DAT_MOVIMENTO, COD_USUARIO, VAL_VALOR)
VALUES (8, 2025, 41, 'P002', 'COSIF002', 'Teste 41', '2025-08-11', 'admin', 410.00);

INSERT INTO MOVIMENTO_MANUAL (DAT_MES, DAT_ANO, NUM_LANCAMENTO, COD_PRODUTO, COD_COSIF, DES_DESCRICAO, DAT_MOVIMENTO, COD_USUARIO, VAL_VALOR)
VALUES (8, 2025, 42, 'P003', 'COSIF003', 'Teste 42', '2025-08-12', 'admin', 420.00);

INSERT INTO MOVIMENTO_MANUAL (DAT_MES, DAT_ANO, NUM_LANCAMENTO, COD_PRODUTO, COD_COSIF, DES_DESCRICAO, DAT_MOVIMENTO, COD_USUARIO, VAL_VALOR)
VALUES (8, 2025, 43, 'P004', 'COSIF004', 'Teste 43', '2025-08-13', 'admin', 430.00);

INSERT INTO MOVIMENTO_MANUAL (DAT_MES, DAT_ANO, NUM_LANCAMENTO, COD_PRODUTO, COD_COSIF, DES_DESCRICAO, DAT_MOVIMENTO, COD_USUARIO, VAL_VALOR)
VALUES (8, 2025, 44, 'P005', 'COSIF005', 'Teste 44', '2025-08-14', 'admin', 440.00);

INSERT INTO MOVIMENTO_MANUAL (DAT_MES, DAT_ANO, NUM_LANCAMENTO, COD_PRODUTO, COD_COSIF, DES_DESCRICAO, DAT_MOVIMENTO, COD_USUARIO, VAL_VALOR)
VALUES (8, 2025, 45, 'P006', 'COSIF006', 'Teste 45', '2025-08-15', 'admin', 450.00);

INSERT INTO MOVIMENTO_MANUAL (DAT_MES, DAT_ANO, NUM_LANCAMENTO, COD_PRODUTO, COD_COSIF, DES_DESCRICAO, DAT_MOVIMENTO, COD_USUARIO, VAL_VALOR)
VALUES (8, 2025, 46, 'P007', 'COSIF007', 'Teste 46', '2025-08-16', 'admin', 460.00);

INSERT INTO MOVIMENTO_MANUAL (DAT_MES, DAT_ANO, NUM_LANCAMENTO, COD_PRODUTO, COD_COSIF, DES_DESCRICAO, DAT_MOVIMENTO, COD_USUARIO, VAL_VALOR)
VALUES (8, 2025, 47, 'P008', 'COSIF008', 'Teste 47', '2025-08-17', 'admin', 470.00);

INSERT INTO MOVIMENTO_MANUAL (DAT_MES, DAT_ANO, NUM_LANCAMENTO, COD_PRODUTO, COD_COSIF, DES_DESCRICAO, DAT_MOVIMENTO, COD_USUARIO, VAL_VALOR)
VALUES (8, 2025, 48, 'P009', 'COSIF009', 'Teste 48', '2025-08-18', 'admin', 480.00);

INSERT INTO MOVIMENTO_MANUAL (DAT_MES, DAT_ANO, NUM_LANCAMENTO, COD_PRODUTO, COD_COSIF, DES_DESCRICAO, DAT_MOVIMENTO, COD_USUARIO, VAL_VALOR)
VALUES (8, 2025, 49, 'P010', 'COSIF010', 'Teste 49', '2025-08-19', 'admin', 490.00);

INSERT INTO MOVIMENTO_MANUAL (DAT_MES, DAT_ANO, NUM_LANCAMENTO, COD_PRODUTO, COD_COSIF, DES_DESCRICAO, DAT_MOVIMENTO, COD_USUARIO, VAL_VALOR)
VALUES (8, 2025, 50, 'P011', 'COSIF011', 'Teste 50', '2025-08-20', 'admin', 500.00);


